repetition,agent_1_returns,agent_2_returns
1,"[-2.499999999999999, -2.499999999999999, -0.04999999999999993, -1.8, -2.499999999999999, -2.499999999999999, -0.5000000000000002, -0.09999999999999992, 0.2, 0.3, 0.2, 0.25, 0.25, 0.3, 0.25, 0.25, 0.2, 0.25, 0.25, -0.6500000000000004]","[-2.499999999999999, -2.499999999999999, -0.04999999999999993, -1.8, -2.499999999999999, -2.499999999999999, -0.5000000000000002, -0.09999999999999992, 0.2, 0.3, 0.2, 0.25, 0.25, 0.3, 0.25, 0.25, 0.2, 0.25, 0.25, -0.6500000000000004]"
