repetition,agent_1_returns,agent_2_returns
1,"[-2.499999999999999, 0.10000000000000003, 0.2, 0.25, 0.2, 0.25, 0.2, 0.25, 0.25, 0.3, 0.2, 0.25, 0.25, 0.25, 0.2, 0.2, 0.25, 0.3, 0.3, -0.6000000000000003, -2.499999999999999, -0.14999999999999997, 5.551115123125783e-17, -0.5000000000000002, -0.3000000000000001, 0.3, 0.3, -0.9000000000000006, -1.7500000000000002, 0.25, -0.09999999999999992, -1.2500000000000009, -1.6500000000000006, -2.499999999999999, 0.25, 0.25, 0.2, 0.25, -2.499999999999999, 0.25, 0.25, -2.499999999999999, 0.25, 0.25, 0.15000000000000002, -0.4000000000000002, 0.25, 0.25, 0.25, -1.450000000000001, -0.3000000000000001, 0.2, 0.25, -2.499999999999999, 0.3, -0.2, 5.551115123125783e-17, 0.25, 0.25, -0.6500000000000004]","[-2.499999999999999, 0.10000000000000003, 0.2, 0.25, 0.2, 0.25, 0.2, 0.25, 0.25, 0.3, 0.2, 0.25, 0.25, 0.25, 0.2, 0.2, 0.25, 0.3, 0.3, -0.6000000000000003, -2.499999999999999, -0.14999999999999997, 5.551115123125783e-17, -0.5000000000000002, -0.3000000000000001, 0.3, 0.3, -0.9000000000000006, -1.7500000000000002, 0.25, -0.09999999999999992, -1.2500000000000009, -1.6500000000000006, -2.499999999999999, 0.25, 0.25, 0.2, 0.25, -2.499999999999999, 0.25, 0.25, -2.499999999999999, 0.25, 0.25, 0.15000000000000002, -0.4000000000000002, 0.25, 0.25, 0.25, -1.450000000000001, -0.3000000000000001, 0.2, 0.25, -2.499999999999999, 0.3, -0.2, 5.551115123125783e-17, 0.25, 0.25, -0.6500000000000004]"
