repetition,agent_1_returns,agent_2_returns
1,"[24.5, 24.8, 24.0, 23.8, 24.5, 24.0, 23.8, 25.0, 23.6, 24.6, 23.1, 23.5, 24.8, 24.3, 24.8, 23.900000000000002, 24.3, 23.3, 22.8, 25.0, 24.400000000000002, 24.0, 24.400000000000002, 23.5, 24.6, 24.3, 23.6, 24.3, 23.8, 24.3, 24.8, 24.400000000000002, 23.8, 24.5, 23.6, 24.6, 25.0, 23.900000000000002, 23.8, 23.3, 24.1, 25.0, 24.0, 24.8, 23.8, 23.6, 25.0, 24.0, 24.3, 23.8]","[24.8, 24.5, 24.6, 24.1, 24.8, 24.6, 24.1, 25.0, 23.6, 24.0, 23.4, 24.400000000000002, 24.5, 24.3, 24.5, 23.3, 24.3, 23.900000000000002, 23.700000000000003, 25.0, 23.5, 24.6, 23.5, 24.400000000000002, 24.0, 24.3, 23.6, 24.3, 24.1, 24.3, 24.5, 23.5, 24.1, 24.8, 23.6, 24.0, 25.0, 23.3, 24.1, 23.900000000000002, 23.8, 25.0, 24.6, 24.5, 24.1, 23.6, 25.0, 24.6, 24.3, 24.1]"
2,"[23.400000000000002, 23.5, 24.5, 24.0, 24.6, 23.200000000000003, 23.6, 24.3, 23.6, 23.0, 23.900000000000002, 24.3, 24.3, 23.700000000000003, 24.3, 24.8, 22.5, 24.8, 22.3, 25.0, 23.6, 24.8, 24.6, 24.3, 24.5, 24.1, 24.1, 24.0, 24.1, 24.200000000000003, 24.5, 22.700000000000003, 24.1, 24.400000000000002, 23.8, 24.6, 24.3, 24.1, 24.5, 25.0, 23.8, 23.8, 23.400000000000002, 24.5, 24.5, 24.3, 24.5, 24.5, 23.5, 24.3]","[23.1, 24.4, 24.8, 24.6, 24.0, 22.6, 23.6, 24.3, 23.6, 24.2, 23.3, 24.3, 24.3, 22.8, 24.3, 24.5, 24.0, 24.5, 22.9, 25.0, 23.6, 24.5, 24.0, 24.3, 24.8, 23.8, 23.8, 24.6, 23.8, 23.0, 24.8, 22.4, 23.8, 23.5, 24.1, 24.0, 24.3, 23.8, 24.8, 25.0, 24.1, 24.1, 23.1, 24.8, 24.8, 24.3, 24.8, 24.8, 24.400000000000002, 24.3]"
