eval_index,agent1_mean,agent1_std,agent2_mean,agent2_std
0,56.294,9.07146978168367,56.314,9.230352322636444
