eval_index,agent1_mean,agent1_std,agent2_mean,agent2_std
0,0.07066666666666661,0.13558761005342646,0.08400000000000003,0.14563882266300723
