eval_index,agent1_mean,agent1_std,agent2_mean,agent2_std
0,0.1869333333333328,0.17635297937186498,0.1603999999999999,0.18620375936054567
1,0.22106666666666586,0.1734889557804113,0.15560000000000002,0.18939017925964385
