eval_index,agent1_mean,agent1_std,agent2_mean,agent2_std
0,0.1857333333333329,0.16444119516309397,0.10426666666666683,0.1626161670246159
1,0.17533333333333304,0.16692113906472927,0.13200000000000026,0.1706927063468152
