repetition,agent_1_returns,agent_2_returns
1,"[-0.5000000000000002, -0.5000000000000002, -0.5000000000000002, -0.5000000000000002, -0.5000000000000002, -0.5000000000000002, -0.5000000000000002, -0.5000000000000002, -0.5000000000000002, -0.5000000000000002, 0.2799999999999999, 0.30999999999999994, 0.17999999999999988, 0.37, -0.5000000000000002, -0.5000000000000002, -0.5000000000000002, -0.5000000000000002, -0.5000000000000002, -0.5000000000000002, 0.43, 0.43, 0.43, 0.43, 0.42, 0.43, 0.42, 0.43, 0.42, 0.43, 0.43, 0.43, 0.43, 0.43, 0.43, 0.42, 0.43, 0.43, 0.43, 0.43, 0.42, 0.42, 0.43, 0.42, 0.43, 0.43, 0.43, 0.43, 0.43, 0.42]","[-0.5000000000000002, -0.5000000000000002, -0.5000000000000002, -0.5000000000000002, -0.5000000000000002, -0.5000000000000002, -0.5000000000000002, -0.5000000000000002, -0.5000000000000002, -0.5000000000000002, 0.2799999999999999, 0.30999999999999994, 0.17999999999999988, 0.37, -0.5000000000000002, -0.5000000000000002, -0.5000000000000002, -0.5000000000000002, -0.5000000000000002, -0.5000000000000002, 0.43, 0.43, 0.43, 0.43, 0.42, 0.43, 0.42, 0.43, 0.42, 0.43, 0.43, 0.43, 0.43, 0.43, 0.43, 0.42, 0.43, 0.43, 0.43, 0.43, 0.42, 0.42, 0.43, 0.42, 0.43, 0.43, 0.43, 0.43, 0.43, 0.42]"
2,"[-0.5000000000000002, -0.5000000000000002, -0.5000000000000002, -0.5000000000000002, -0.5000000000000002, -0.5000000000000002, 0.14999999999999986, -0.5000000000000002, -0.5000000000000002, -0.5000000000000002, -0.5000000000000002, -0.5000000000000002, -0.5000000000000002, -0.5000000000000002, 0.12999999999999984, -0.5000000000000002, -0.5000000000000002, -0.5000000000000002, -0.5000000000000002, 0.2899999999999999, 0.43, 0.43, 0.43, 0.43, 0.43, 0.29999999999999993, 0.41, 0.43, 0.41, 0.43, 0.42, 0.43, 0.41, 0.43, 0.43, 0.42, 0.41, 0.4, 0.43, 0.41, 0.43, 0.41, 0.43, 0.36, 0.43, 0.43, 0.41, 0.41, 0.41, 0.41]","[-0.5000000000000002, -0.5000000000000002, -0.5000000000000002, -0.5000000000000002, -0.5000000000000002, -0.5000000000000002, 0.14999999999999986, -0.5000000000000002, -0.5000000000000002, -0.5000000000000002, -0.5000000000000002, -0.5000000000000002, -0.5000000000000002, -0.5000000000000002, 0.12999999999999984, -0.5000000000000002, -0.5000000000000002, -0.5000000000000002, -0.5000000000000002, 0.2899999999999999, 0.43, 0.43, 0.43, 0.43, 0.43, 0.29999999999999993, 0.41, 0.43, 0.41, 0.43, 0.42, 0.43, 0.41, 0.43, 0.43, 0.42, 0.41, 0.4, 0.43, 0.41, 0.43, 0.41, 0.43, 0.36, 0.43, 0.43, 0.41, 0.41, 0.41, 0.41]"
