repetition,agent_1_returns,agent_2_returns
1,"[-0.5000000000000002, -0.5000000000000002, -0.5000000000000002, -0.5000000000000002, -0.5000000000000002, -0.5000000000000002, -0.5000000000000002, -0.5000000000000002, -0.5000000000000002, -0.5000000000000002, 0.42, 0.42, 0.42, 0.42, 0.42, 0.42, 0.42, 0.42, 0.42, 0.38, 0.42, 0.4, 0.38, 0.42, 0.42, 0.42, 0.42, 0.4, 0.42, 0.42, 0.42, 0.42, 0.39, 0.4, 0.42, 0.37, 0.41, 0.4, 0.38, 0.41, 0.4, 0.42, 0.4, 0.42, 0.42, 0.42, 0.42, 0.42, 0.42, 0.41]","[-0.5000000000000002, -0.5000000000000002, -0.5000000000000002, -0.5000000000000002, -0.5000000000000002, -0.5000000000000002, -0.5000000000000002, -0.5000000000000002, -0.5000000000000002, -0.5000000000000002, 0.42, 0.42, 0.42, 0.42, 0.42, 0.42, 0.42, 0.42, 0.42, 0.38, 0.42, 0.4, 0.38, 0.42, 0.42, 0.42, 0.42, 0.4, 0.42, 0.42, 0.42, 0.42, 0.39, 0.4, 0.42, 0.37, 0.41, 0.4, 0.38, 0.41, 0.4, 0.42, 0.4, 0.42, 0.42, 0.42, 0.42, 0.42, 0.42, 0.41]"
2,"[-0.5000000000000002, 0.4, 0.0899999999999998, 0.1999999999999999, -0.5000000000000002, -0.5000000000000002, -0.5000000000000002, -0.5000000000000002, -0.5000000000000002, -0.5000000000000002, 0.31999999999999995, -0.5000000000000002, -0.5000000000000002, -0.5000000000000002, -0.5000000000000002, 0.42, 0.42, 0.42, -0.5000000000000002, 0.4, 0.42, 0.42, 0.42, 0.1999999999999999, 0.42, 0.4, 0.42, 0.42, 0.4, 0.42, 0.42, 0.42, 0.42, 0.4, 0.38, 0.42, 0.42, 0.4, 0.39, 0.41, 0.42, 0.42, 0.42, 0.4, 0.41, 0.42, 0.36, 0.42, 0.41, 0.35]","[-0.5000000000000002, 0.4, 0.0899999999999998, 0.1999999999999999, -0.5000000000000002, -0.5000000000000002, -0.5000000000000002, -0.5000000000000002, -0.5000000000000002, -0.5000000000000002, 0.31999999999999995, -0.5000000000000002, -0.5000000000000002, -0.5000000000000002, -0.5000000000000002, 0.42, 0.42, 0.42, -0.5000000000000002, 0.4, 0.42, 0.42, 0.42, 0.1999999999999999, 0.42, 0.4, 0.42, 0.42, 0.4, 0.42, 0.42, 0.42, 0.42, 0.4, 0.38, 0.42, 0.42, 0.4, 0.39, 0.41, 0.42, 0.42, 0.42, 0.4, 0.41, 0.42, 0.36, 0.42, 0.41, 0.35]"
