eval_index,agent1_mean,agent1_std,agent2_mean,agent2_std
0,0.15093333333333328,0.17274649377371196,0.21106666666666613,0.2057662535769919
1,0.1598666666666666,0.1780835758850315,0.19546666666666626,0.19843135952879143
2,0.1669333333333331,0.17499186012815368,0.20106666666666623,0.20048545527737896
3,0.18106666666666632,0.17753051693848138,0.20026666666666645,0.20831582859793532
4,0.19053333333333286,0.17544655406514362,0.18946666666666656,0.2126764470060356
