repetition,agent_1_returns,agent_2_returns
1,"[-0.5000000000000002, -0.5000000000000002, -0.5000000000000002, -0.5000000000000002, -0.5000000000000002, 0.43, 0.43, 0.4, 0.43, 0.43, 0.43, 0.43, 0.43, 0.43, 0.43, 0.41, 0.43, 0.43, 0.43, 0.43, 0.41, 0.43, 0.43, 0.43, 0.42, 0.42, 0.43, 0.42, 0.42, 0.42, 0.29999999999999993, 0.2699999999999999, 0.4, 0.35, 0.4, 0.42, 0.42, 0.42, 0.42, 0.42, 0.39, 0.42, 0.41, 0.4, 0.42, 0.43, 0.43, 0.42, 0.43, 0.43]","[-0.5000000000000002, -0.5000000000000002, -0.5000000000000002, -0.5000000000000002, -0.5000000000000002, 0.43, 0.43, 0.4, 0.43, 0.43, 0.43, 0.43, 0.43, 0.43, 0.43, 0.41, 0.43, 0.43, 0.43, 0.43, 0.41, 0.43, 0.43, 0.43, 0.42, 0.42, 0.43, 0.42, 0.42, 0.42, 0.29999999999999993, 0.2699999999999999, 0.4, 0.35, 0.4, 0.42, 0.42, 0.42, 0.42, 0.42, 0.39, 0.42, 0.41, 0.4, 0.42, 0.43, 0.43, 0.42, 0.43, 0.43]"
2,"[-0.5000000000000002, -0.5000000000000002, 0.37, -0.5000000000000002, -0.5000000000000002, 0.43, 0.43, 0.43, 0.43, 0.39, 0.41, 0.43, 0.43, 0.43, 0.43, 0.16999999999999987, 0.29999999999999993, 0.15999999999999986, 0.0799999999999998, 0.4, 0.17999999999999988, 0.01999999999999974, -0.5000000000000002, 0.30999999999999994, 0.4, 0.37, 0.24999999999999992, 0.42, 0.4, 0.01999999999999974, 0.39, 0.42, 0.42, 0.42, 0.4, 0.43, 0.42, 0.43, 0.43, 0.43, 0.43, 0.43, 0.43, 0.43, 0.43, 0.4, 0.4, 0.43, 0.43, 0.43]","[-0.5000000000000002, -0.5000000000000002, 0.37, -0.5000000000000002, -0.5000000000000002, 0.43, 0.43, 0.43, 0.43, 0.39, 0.41, 0.43, 0.43, 0.43, 0.43, 0.16999999999999987, 0.29999999999999993, 0.15999999999999986, 0.0799999999999998, 0.4, 0.17999999999999988, 0.01999999999999974, -0.5000000000000002, 0.30999999999999994, 0.4, 0.37, 0.24999999999999992, 0.42, 0.4, 0.01999999999999974, 0.39, 0.42, 0.42, 0.42, 0.4, 0.43, 0.42, 0.43, 0.43, 0.43, 0.43, 0.43, 0.43, 0.43, 0.43, 0.4, 0.4, 0.43, 0.43, 0.43]"
