repetition,agent_1_returns,agent_2_returns
1,"[0.09, 0.18, 0.18, 0.18, 0.18, 0.18, 0.16, 0.18, 0.18, 0.18, 0.09, 0.18, 0.18, 0.14, 0.18, 0.18, 0.18, 0.18, 0.18, 0.18, 0.08, 0.18, 0.18, 0.18, 0.18, 0.18, 0.16, 0.18, 0.18, 0.18, 0.08, 0.18, 0.18, 0.18, 0.18, 0.18, 0.18, 0.18, 0.18, 0.18, 0.09, 0.18, 0.18, 0.18, 0.18, 0.18, 0.18, 0.18, 0.18, 0.18, 0.09, 0.18, 0.18, 0.18, 0.18, 0.18, 0.16, 0.18, 0.18, 0.18, 0.09, 0.18, 0.18, 0.18, 0.18, 0.18, 0.18, 0.18, 0.18, 0.16, 0.09, 0.18, 0.18, 0.18, 0.18, 0.18, 0.16, 0.18, 0.18, 0.18, 0.09, 0.18, 0.18, 0.18, 0.18, 0.18, 0.18, 0.18, 0.18, 0.18, 0.08, 0.18, 0.18, 0.18, 0.18, 0.18, 0.18, 0.18, 0.18, 0.16]","[0.09, 0.0, 0.0, 0.0, 0.0, 0.0, 0.0, 0.0, 0.0, 0.0, 0.09, 0.0, 0.0, 0.0, 0.0, 0.0, 0.0, 0.0, 0.0, 0.0, 0.09999999999999999, 0.0, 0.0, 0.0, 0.0, 0.0, 0.0, 0.0, 0.0, 0.0, 0.09999999999999999, 0.0, 0.0, 0.0, 0.0, 0.0, 0.0, 0.0, 0.0, 0.0, 0.09, 0.0, 0.0, 0.0, 0.0, 0.0, 0.0, 0.0, 0.0, 0.0, 0.09, 0.0, 0.0, 0.0, 0.0, 0.0, 0.0, 0.0, 0.0, 0.0, 0.09, 0.0, 0.0, 0.0, 0.0, 0.0, 0.0, 0.0, 0.0, 0.0, 0.09, 0.0, 0.0, 0.0, 0.0, 0.0, 0.0, 0.0, 0.0, 0.0, 0.09, 0.0, 0.0, 0.0, 0.0, 0.0, 0.0, 0.0, 0.0, 0.0, 0.09999999999999999, 0.0, 0.0, 0.0, 0.0, 0.0, 0.0, 0.0, 0.0, 0.0]"
2,"[0.09, 0.18, 0.18, 0.18, 0.18, 0.18, 0.18, 0.18, 0.18, 0.16, 0.09, 0.18, 0.16, 0.18, 0.14, 0.16, 0.18, 0.18, 0.18, 0.18, 0.09, 0.12000000000000001, 0.12000000000000001, 0.12000000000000001, 0.12000000000000001, 0.12000000000000001, 0.12000000000000001, 0.12000000000000001, 0.14, 0.14, 0.09, 0.18, 0.18, 0.16, 0.18, 0.18, 0.18, 0.18, 0.18, 0.16, 0.09, 0.14, 0.18, 0.18, 0.18, 0.18, 0.16, 0.18, 0.16, 0.18, 0.09, 0.18, 0.16, 0.18, 0.18, 0.18, 0.18, 0.18, 0.18, 0.18, 0.09, 0.18, 0.18, 0.18, 0.18, 0.16, 0.16, 0.18, 0.18, 0.18, 0.09, 0.18, 0.18, 0.18, 0.16, 0.18, 0.18, 0.18, 0.18, 0.18, 0.09, 0.18, 0.18, 0.18, 0.16, 0.18, 0.18, 0.18, 0.18, 0.16, 0.09, 0.18, 0.16, 0.18, 0.18, 0.18, 0.16, 0.18, 0.18, 0.18]","[0.09, 0.0, 0.0, 0.0, 0.0, 0.0, 0.0, 0.0, 0.0, 0.0, 0.09, 0.0, 0.0, 0.0, 0.0, 0.0, 0.0, 0.0, 0.0, 0.0, 0.09, 0.0, 0.0, 0.0, 0.0, 0.0, 0.0, 0.0, 0.0, 0.0, 0.09, 0.0, 0.0, 0.0, 0.0, 0.0, 0.0, 0.0, 0.0, 0.0, 0.09, 0.0, 0.0, 0.0, 0.0, 0.0, 0.0, 0.0, 0.0, 0.0, 0.09, 0.0, 0.0, 0.0, 0.0, 0.0, 0.0, 0.0, 0.0, 0.0, 0.09, 0.0, 0.0, 0.0, 0.0, 0.0, 0.0, 0.0, 0.0, 0.0, 0.09, 0.0, 0.0, 0.0, 0.0, 0.0, 0.0, 0.0, 0.0, 0.0, 0.09, 0.0, 0.0, 0.0, 0.0, 0.0, 0.0, 0.0, 0.0, 0.0, 0.09, 0.0, 0.0, 0.0, 0.0, 0.0, 0.0, 0.0, 0.0, 0.0]"
