repetition,agent_1_returns,agent_2_returns
1,"[1.0, 0.7, 2.6, 0.5, 0.0, 23.8, 24.6, 23.8, 24.8, 23.8, 0.5, 0.7, 0.9, 0.7, 1.5999999999999999, 25.0, 24.1, 24.1, 24.6, 25.0, 0.5, 0.5, 0.7, 0.7, 1.5999999999999999, 0.0, 1.7, 0.0, 1.4, 1.4, 24.8, 24.5, 23.6, 23.5, 24.0, 24.8, 24.1, 24.5, 24.6, 24.5, 24.8, 24.5, 25.0, 24.8, 24.5, 24.1, 23.400000000000002, 23.8, 24.5, 24.6]","[15.400000000000015, 15.100000000000014, 15.50000000000001, 15.200000000000014, 15.000000000000014, 24.1, 24.0, 24.1, 24.5, 24.1, 14.600000000000012, 15.100000000000012, 15.00000000000001, 15.100000000000012, 15.100000000000012, 25.0, 23.8, 23.8, 24.0, 25.0, 15.200000000000014, 15.200000000000014, 15.100000000000014, 15.100000000000012, 15.10000000000001, 15.000000000000014, 15.50000000000001, 15.000000000000014, 15.200000000000014, 15.200000000000014, 24.5, 24.8, 23.6, 24.400000000000002, 24.6, 24.5, 23.8, 24.8, 24.0, 24.8, 24.5, 24.8, 25.0, 24.5, 24.8, 23.8, 23.1, 24.1, 24.8, 24.0]"
2,"[1.0, 1.0999999999999999, 0.0, 0.8999999999999999, 0.0, 0.5, 0.0, 0.9, 1.0999999999999999, 0.5, 22.3, 23.3, 24.3, 23.8, 24.6, 0.9, 1.2, 0.7, 1.7, 1.2999999999999998, 23.6, 24.5, 23.800000000000004, 24.8, 24.5, 24.8, 23.400000000000002, 23.8, 24.8, 23.8, 23.3, 24.3, 24.6, 24.3, 24.1, 23.3, 24.5, 23.5, 24.6, 25.0, 24.400000000000002, 24.5, 25.0, 24.8, 24.8, 24.8, 24.8, 24.400000000000002, 23.3, 24.3]","[15.400000000000013, 14.900000000000011, 15.000000000000014, 15.000000000000012, 15.000000000000014, 15.200000000000014, 15.000000000000014, 15.000000000000012, 14.90000000000001, 15.200000000000014, 23.500000000000004, 23.900000000000002, 24.3, 24.1, 24.0, 15.000000000000012, 15.300000000000015, 15.100000000000014, 15.500000000000012, 14.800000000000008, 23.6, 24.8, 22.0, 24.5, 24.8, 24.5, 23.1, 23.5, 24.5, 24.1, 23.900000000000002, 24.3, 24.0, 24.3, 23.8, 23.900000000000002, 24.8, 23.8, 24.0, 25.0, 23.5, 24.8, 25.0, 24.5, 24.5, 24.5, 24.5, 23.5, 23.900000000000002, 24.3]"
