repetition,agent_1_returns,agent_2_returns
1,"[-2.499999999999999, -2.499999999999999, -2.499999999999999, -0.04999999999999993, 0.15000000000000002, 0.050000000000000044, -2.499999999999999, -2.499999999999999, -2.499999999999999, -2.499999999999999, 0.25, 0.3, 0.3, 0.25, 0.3, 0.3, 0.3, 0.25, 0.3, 0.3]","[-2.499999999999999, -2.499999999999999, -2.499999999999999, -0.04999999999999993, 0.15000000000000002, 0.050000000000000044, -2.499999999999999, -2.499999999999999, -2.499999999999999, -2.499999999999999, 0.25, 0.3, 0.3, 0.25, 0.3, 0.3, 0.3, 0.25, 0.3, 0.3]"
