repetition,agent_1_returns,agent_2_returns
1,"[-2.499999999999999, -1.1000000000000008, -0.9500000000000006, -2.499999999999999, -2.499999999999999, 0.2, -1.500000000000001, -2.499999999999999, -0.25000000000000006, -2.499999999999999, 0.2, -2.499999999999999, -2.499999999999999, -2.499999999999999, -2.499999999999999, -2.499999999999999, -2.499999999999999, -2.499999999999999, -2.499999999999999, -2.499999999999999, -1.0500000000000007, -0.4000000000000002, -0.45000000000000023, -0.14999999999999997, -0.2, 0.050000000000000044, 5.551115123125783e-17, -2.499999999999999, -0.3000000000000001, -2.499999999999999, 0.10000000000000003, -0.35000000000000014, 0.050000000000000044, -1.500000000000001, -1.1000000000000008, -0.09999999999999992, -2.499999999999999, 0.050000000000000044, -0.09999999999999992, 0.10000000000000003, 0.3, 0.3, 0.3, 0.3, 0.3, 0.25, 0.3, 0.3, 0.3, 0.3, 0.2, 0.3, 0.3, 0.2, 0.2, 0.3, 0.3, 0.3, 0.3, 0.3, 0.3, 0.3, 0.3, 0.3, 0.3, 0.25, 0.3, 0.3, 0.3, 0.3, 0.3, 0.3, 0.3, 0.3, 0.3, 0.2, 0.2, 0.3, 0.3, 0.25, 0.2, 0.3, 0.15000000000000002, 0.3, 0.25, 0.15000000000000002, 0.25, 0.3, 0.15000000000000002, 0.3, 0.3, 0.25, 0.3, 0.3, 0.3, 0.3, 0.2, 0.3, 0.3, 0.3]","[-2.499999999999999, -1.1000000000000008, -0.9500000000000006, -2.499999999999999, -2.499999999999999, 0.2, -1.500000000000001, -2.499999999999999, -0.25000000000000006, -2.499999999999999, 0.2, -2.499999999999999, -2.499999999999999, -2.499999999999999, -2.499999999999999, -2.499999999999999, -2.499999999999999, -2.499999999999999, -2.499999999999999, -2.499999999999999, -1.0500000000000007, -0.4000000000000002, -0.45000000000000023, -0.14999999999999997, -0.2, 0.050000000000000044, 5.551115123125783e-17, -2.499999999999999, -0.3000000000000001, -2.499999999999999, 0.10000000000000003, -0.35000000000000014, 0.050000000000000044, -1.500000000000001, -1.1000000000000008, -0.09999999999999992, -2.499999999999999, 0.050000000000000044, -0.09999999999999992, 0.10000000000000003, 0.3, 0.3, 0.3, 0.3, 0.3, 0.25, 0.3, 0.3, 0.3, 0.3, 0.2, 0.3, 0.3, 0.2, 0.2, 0.3, 0.3, 0.3, 0.3, 0.3, 0.3, 0.3, 0.3, 0.3, 0.3, 0.25, 0.3, 0.3, 0.3, 0.3, 0.3, 0.3, 0.3, 0.3, 0.3, 0.2, 0.2, 0.3, 0.3, 0.25, 0.2, 0.3, 0.15000000000000002, 0.3, 0.25, 0.15000000000000002, 0.25, 0.3, 0.15000000000000002, 0.3, 0.3, 0.25, 0.3, 0.3, 0.3, 0.3, 0.2, 0.3, 0.3, 0.3]"
