repetition,agent_1_returns,agent_2_returns
1,"[-2.499999999999999, -2.499999999999999, -2.499999999999999, -2.499999999999999, -2.499999999999999, -2.499999999999999, -2.499999999999999, -2.499999999999999, 0.3, 0.3, -0.09999999999999992, -1.550000000000001, 0.3, 0.3, 0.3, 0.3, 0.3, 0.3, 0.3, 0.3]","[-2.499999999999999, -2.499999999999999, -2.499999999999999, -2.499999999999999, -2.499999999999999, -2.499999999999999, -2.499999999999999, -2.499999999999999, 0.3, 0.3, -0.09999999999999992, -1.550000000000001, 0.3, 0.3, 0.3, 0.3, 0.3, 0.3, 0.3, 0.3]"
