repetition,agent_1_returns,agent_2_returns
1,"[-0.5000000000000002, -0.5000000000000002, -0.5000000000000002, -0.5000000000000002, -0.5000000000000002, 0.43, 0.43, 0.43, 0.43, 0.43, 0.14999999999999986, 0.06999999999999978, -0.5000000000000002, 0.15999999999999986, 0.41, 0.39, 0.14999999999999986, 0.41, -0.5000000000000002, 0.22999999999999993, 0.42, 0.42, 0.42, 0.4, 0.41, 0.42, 0.42, 0.42, 0.42, 0.42, 0.36, 0.38, 0.4, 0.42, 0.42, 0.42, 0.42, 0.42, 0.42, 0.42, 0.42, 0.42, 0.42, 0.42, 0.4, 0.42, 0.42, 0.42, 0.42, 0.43]","[-0.5000000000000002, -0.5000000000000002, -0.5000000000000002, -0.5000000000000002, -0.5000000000000002, 0.43, 0.43, 0.43, 0.43, 0.43, 0.14999999999999986, 0.06999999999999978, -0.5000000000000002, 0.15999999999999986, 0.41, 0.39, 0.14999999999999986, 0.41, -0.5000000000000002, 0.22999999999999993, 0.42, 0.42, 0.42, 0.4, 0.41, 0.42, 0.42, 0.42, 0.42, 0.42, 0.36, 0.38, 0.4, 0.42, 0.42, 0.42, 0.42, 0.42, 0.42, 0.42, 0.42, 0.42, 0.42, 0.42, 0.4, 0.42, 0.42, 0.42, 0.42, 0.43]"
2,"[-0.5000000000000002, -0.5000000000000002, -0.5000000000000002, -0.5000000000000002, -0.5000000000000002, 0.37, 0.29999999999999993, 0.15999999999999986, 0.42, 0.32999999999999996, 0.43, 0.43, 0.43, 0.41, 0.43, 0.43, 0.43, 0.41, 0.10999999999999982, 0.43, 0.43, 0.43, 0.41, 0.43, 0.43, 0.42, 0.33999999999999997, 0.2599999999999999, 0.36, 0.37, 0.43, 0.43, 0.41, 0.43, 0.43, 0.43, 0.43, 0.42, 0.39, 0.43, 0.43, 0.43, 0.43, 0.43, 0.43, 0.42, 0.42, 0.42, 0.42, 0.42]","[-0.5000000000000002, -0.5000000000000002, -0.5000000000000002, -0.5000000000000002, -0.5000000000000002, 0.37, 0.29999999999999993, 0.15999999999999986, 0.42, 0.32999999999999996, 0.43, 0.43, 0.43, 0.41, 0.43, 0.43, 0.43, 0.41, 0.10999999999999982, 0.43, 0.43, 0.43, 0.41, 0.43, 0.43, 0.42, 0.33999999999999997, 0.2599999999999999, 0.36, 0.37, 0.43, 0.43, 0.41, 0.43, 0.43, 0.43, 0.43, 0.42, 0.39, 0.43, 0.43, 0.43, 0.43, 0.43, 0.43, 0.42, 0.42, 0.42, 0.42, 0.42]"
