repetition,agent_1_returns,agent_2_returns
1,"[0.32, 0.32, 0.32, 0.32, 0.32, 0.32, 0.32, 0.32, 0.32, 0.32, 0.32, 0.32, 0.32, 0.32, 0.32, 0.32, 0.32, 0.0, 0.2, 0.32, 0.32, 0.32, 0.32, 0.32, 0.32, 0.52, 0.32, 0.32, 0.32, 0.32]","[0.6799999999999999, 0.6799999999999999, 0.6799999999999999, 0.6799999999999999, 0.6799999999999999, 0.6799999999999999, 0.6799999999999999, 0.6799999999999999, 0.6799999999999999, 0.6799999999999999, 0.6799999999999999, 0.6799999999999999, 0.6799999999999999, 0.6799999999999999, 0.6799999999999999, 0.6799999999999999, 0.6799999999999999, 0.2, 0.0, 0.6799999999999999, 0.6799999999999999, 0.6799999999999999, 0.6799999999999999, 0.6799999999999999, 0.6799999999999999, 0.48, 0.6799999999999999, 0.6799999999999999, 0.6799999999999999, 0.6799999999999999]"
2,"[0.2, 0.08, 0.08, 0.4, 0.08, 0.4, 0.08, 0.4, 0.0, 0.4, 0.52, 0.08, 0.52, 0.32, 0.4, 0.52, 0.4, 0.4, 0.4, 0.4, 0.4, 0.32, 0.4, 0.4, 0.08, 0.4, 0.08, 0.08, 0.08, 0.08]","[0.0, 0.12, 0.12, 0.6, 0.12, 0.6, 0.12, 0.6, 0.2, 0.6, 0.48, 0.12, 0.48, 0.6799999999999999, 0.6, 0.48, 0.6, 0.6, 0.6, 0.6, 0.6, 0.6799999999999999, 0.6, 0.6, 0.12, 0.6, 0.12, 0.12, 0.12, 0.12]"
3,"[0.52, 0.2, 0.2, 0.52, 0.2, 0.2, 0.52, 0.2, 0.2, 0.2, 0.52, 0.52, 0.52, 0.52, 0.32, 0.52, 0.2, 0.52, 0.2, 0.2, 0.2, 0.52, 0.2, 0.52, 0.52, 0.52, 0.2, 0.2, 0.52, 0.52]","[0.48, 0.0, 0.0, 0.48, 0.0, 0.0, 0.48, 0.0, 0.0, 0.0, 0.48, 0.48, 0.48, 0.48, 0.6799999999999999, 0.48, 0.0, 0.48, 0.0, 0.0, 0.0, 0.48, 0.0, 0.48, 0.48, 0.48, 0.0, 0.0, 0.48, 0.48]"
4,"[0.0, 0.0, 0.0, 0.32, 0.0, 0.0, 0.0, 0.32, 0.0, 0.0, 0.0, 0.32, 0.0, 0.0, 0.0, 0.0, 0.0, 0.0, 0.0, 0.0, 0.0, 0.0, 0.0, 0.0, 0.0, 0.0, 0.52, 0.2, 0.0, 0.32]","[0.2, 0.2, 0.2, 0.6799999999999999, 0.2, 0.2, 0.2, 0.6799999999999999, 0.2, 0.2, 0.2, 0.6799999999999999, 0.2, 0.2, 0.2, 0.2, 0.2, 0.2, 0.2, 0.2, 0.2, 0.2, 0.2, 0.2, 0.2, 0.2, 0.48, 0.0, 0.2, 0.6799999999999999]"
5,"[0.4, 0.32, 0.4, 0.4, 0.4, 0.52, 0.4, 0.4, 0.4, 0.4, 0.4, 0.4, 0.4, 0.4, 0.52, 0.4, 0.52, 0.0, 0.4, 0.4, 0.4, 0.4, 0.4, 0.4, 0.4, 0.32, 0.4, 0.4, 0.4, 0.4]","[0.6, 0.6799999999999999, 0.6, 0.6, 0.6, 0.48, 0.6, 0.6, 0.6, 0.6, 0.6, 0.6, 0.6, 0.6, 0.48, 0.6, 0.48, 0.2, 0.6, 0.6, 0.6, 0.6, 0.6, 0.6, 0.6, 0.6799999999999999, 0.6, 0.6, 0.6, 0.6]"
