eval_index,agent1_mean,agent1_std,agent2_mean,agent2_std
0,0.1396000000000002,0.16606777732801276,0.14773333333333344,0.17498373257725033
1,0.14813333333333342,0.16961021981787133,0.15120000000000003,0.17379650936272142
2,0.17839999999999964,0.16469532813990612,0.14026666666666687,0.16326099078197265
3,0.1209333333333336,0.16410571118777204,0.05439999999999992,0.12318268276561224
4,0.11413333333333354,0.15692965161356748,0.05186666666666662,0.12322907304871103
