repetition,agent_1_returns,agent_2_returns
1,"[0.0, 0.16666666666666666, 0.16666666666666666, 0.0, 0.0, 0.0, 0.16666666666666666, 0.0, 0.0, 0.16666666666666666, 0.16666666666666666, 0.0, 0.0, 0.16666666666666666, 0.0, 0.16666666666666666, 0.16666666666666666, 0.0, 0.0, 0.16666666666666666, 0.0, 0.16666666666666666, 0.0, 0.0, 0.0, 0.0, 0.16666666666666666, 0.0, 0.0, 0.0, 0.0, 0.16666666666666666, 0.16666666666666666, 0.0, 0.0, 0.0, 0.0, 0.0, 0.16666666666666666, 0.16666666666666666, 0.16666666666666666, 0.0, 0.16666666666666666, 0.0, 0.0, 0.0, 0.16666666666666666, 0.0, 0.0, 0.0, 0.0, 0.0, 0.0, 0.0, 0.0, 0.0, 0.16666666666666666, 0.0, 0.0, 0.0, 0.0, 0.0, 0.0, 0.16666666666666666, 0.0, 0.0, 0.0, 0.0, 0.0, 0.0, 0.16666666666666666, 0.0, 0.0, 0.0, 0.0, 0.0, 0.16666666666666666, 0.0, 0.0, 0.0, 0.16666666666666666, 0.0, 0.0, 0.0, 0.16666666666666666, 0.0, 0.0, 0.0, 0.0, 0.0, 0.16666666666666666, 0.0, 0.0, 0.0, 0.16666666666666666, 0.16666666666666666, 0.0, 0.0, 0.16666666666666666, 0.0]","[0.16666666666666666, 0.0, 0.0, 0.16666666666666666, 0.16666666666666666, 0.16666666666666666, 0.0, 0.16666666666666666, 0.16666666666666666, 0.0, 0.0, 0.0, 0.16666666666666666, 0.0, 0.16666666666666666, 0.0, 0.0, 0.0, 0.0, 0.0, 0.16666666666666666, 0.0, 0.16666666666666666, 0.16666666666666666, 0.16666666666666666, 0.16666666666666666, 0.0, 0.16666666666666666, 0.16666666666666666, 0.0, 0.16666666666666666, 0.0, 0.0, 0.16666666666666666, 0.16666666666666666, 0.16666666666666666, 0.16666666666666666, 0.0, 0.0, 0.0, 0.0, 0.0, 0.0, 0.16666666666666666, 0.16666666666666666, 0.16666666666666666, 0.0, 0.0, 0.16666666666666666, 0.0, 0.0, 0.0, 0.0, 0.0, 0.0, 0.16666666666666666, 0.0, 0.16666666666666666, 0.16666666666666666, 0.16666666666666666, 0.0, 0.16666666666666666, 0.16666666666666666, 0.0, 0.0, 0.16666666666666666, 0.16666666666666666, 0.16666666666666666, 0.16666666666666666, 0.16666666666666666, 0.0, 0.16666666666666666, 0.0, 0.16666666666666666, 0.16666666666666666, 0.0, 0.0, 0.16666666666666666, 0.0, 0.0, 0.0, 0.0, 0.16666666666666666, 0.16666666666666666, 0.0, 0.0, 0.16666666666666666, 0.16666666666666666, 0.16666666666666666, 0.16666666666666666, 0.0, 0.0, 0.16666666666666666, 0.0, 0.0, 0.0, 0.0, 0.0, 0.0, 0.0]"
