eval_index,agent1_mean,agent1_std,agent2_mean,agent2_std
0,125.53333333333333,4.869861964733246,51.53333333333333,9.769794720918597
1,125.26666666666667,3.08688984074406,50.46666666666667,5.998518335574396
2,125.0,2.70801280154532,52.8,7.175885543494499
3,126.4,3.49857113690718,50.2,6.675327707311455
4,123.73333333333333,5.026153819992204,55.53333333333333,9.351411064052787
