repetition,agent_1_returns,agent_2_returns
1,"[-0.5000000000000002, -0.5000000000000002, -0.5000000000000002, 0.15999999999999986, -0.5000000000000002, -0.5000000000000002, -0.5000000000000002, -0.5000000000000002, -0.5000000000000002, -0.5000000000000002, 0.43, 0.43, 0.2599999999999999, 0.43, 0.43, 0.41, 0.43, 0.39, 0.43, 0.43, 0.43, 0.43, 0.43, 0.41, 0.43, 0.42, 0.43, 0.43, 0.43, 0.42, 0.43, 0.43, 0.43, 0.42, 0.43, 0.43, 0.39, 0.43, 0.41, 0.41, 0.43, 0.41, 0.4, 0.43, 0.43, 0.42, 0.4, 0.41, 0.43, 0.43]","[-0.5000000000000002, -0.5000000000000002, -0.5000000000000002, 0.15999999999999986, -0.5000000000000002, -0.5000000000000002, -0.5000000000000002, -0.5000000000000002, -0.5000000000000002, -0.5000000000000002, 0.43, 0.43, 0.2599999999999999, 0.43, 0.43, 0.41, 0.43, 0.39, 0.43, 0.43, 0.43, 0.43, 0.43, 0.41, 0.43, 0.42, 0.43, 0.43, 0.43, 0.42, 0.43, 0.43, 0.43, 0.42, 0.43, 0.43, 0.39, 0.43, 0.41, 0.41, 0.43, 0.41, 0.4, 0.43, 0.43, 0.42, 0.4, 0.41, 0.43, 0.43]"
2,"[-0.5000000000000002, -0.5000000000000002, -0.5000000000000002, -0.5000000000000002, 0.11999999999999983, -0.5000000000000002, -0.5000000000000002, -0.5000000000000002, -0.5000000000000002, -0.5000000000000002, 0.42, 0.43, -0.5000000000000002, -0.5000000000000002, 0.43, 0.42, 0.41, 0.43, 0.43, 0.35, 0.43, 0.43, 0.43, 0.43, 0.43, 0.39, 0.42, 0.42, 0.42, 0.43, 0.43, 0.41, 0.43, 0.43, 0.43, 0.42, 0.43, 0.43, 0.43, 0.43, 0.41, 0.43, 0.43, 0.42, 0.41, 0.43, 0.42, 0.43, 0.43, 0.42]","[-0.5000000000000002, -0.5000000000000002, -0.5000000000000002, -0.5000000000000002, 0.11999999999999983, -0.5000000000000002, -0.5000000000000002, -0.5000000000000002, -0.5000000000000002, -0.5000000000000002, 0.42, 0.43, -0.5000000000000002, -0.5000000000000002, 0.43, 0.42, 0.41, 0.43, 0.43, 0.35, 0.43, 0.43, 0.43, 0.43, 0.43, 0.39, 0.42, 0.42, 0.42, 0.43, 0.43, 0.41, 0.43, 0.43, 0.43, 0.42, 0.43, 0.43, 0.43, 0.43, 0.41, 0.43, 0.43, 0.42, 0.41, 0.43, 0.42, 0.43, 0.43, 0.42]"
