eval_index,agent1_mean,agent1_std,agent2_mean,agent2_std
0,0.14453333333333346,0.17069499764850257,0.18346666666666642,0.18740918986123473
1,0.19959999999999933,0.17463567155016677,0.1390666666666668,0.17428717043367808
2,0.2294666666666656,0.1644740573937285,0.12186666666666696,0.1673640874792964
3,0.019600000000000006,0.07422380570499827,0.33773333333333394,0.09525740566136214
4,0.010799999999999999,0.06080043859490885,0.23919999999999883,0.15598085352589464
