eval_index,agent1_mean,agent1_std,agent2_mean,agent2_std
0,0.15253333333333335,0.16877408963858598,0.1401333333333335,0.17429981832080826
